tempo,quantidadePAs,articulation_points_percentage,betweenness,degree,closeness,eigenvector,lifespan,mobility,fragmentationImpact,k_connectivity,density,number_of_cars
0,1,3.448,0.005291,4,0.1429,1.414,3,0,2,0,0.9852,29
1,0,0,0,0,0,0,0,0,0,0
2,1,3.448,0.005291,4,0.1429,1.414,3,0,2,0,0.9852,29
3,0,0,0,0,0,0,0,0,0,0,0.2564,40
4,0,0,0,0,0,0,0,0,0,0,0.4252,49
5,0,0,0,0,0,0,0,0,0,0,0.2347,72
6,1,1.205,0.0006022,4,0.04878,1.414,3,0,2,0,0.2645,83
7,0,0,0,0,0,0,0,0,0,0
8,1,1.205,0.0006022,4,0.04878,1.414,3,0,2,0,0.2645,83
9,1,1.099,0.0004994,4,0.04444,3.186e-07,3,0,2,0,0.4884,91
10,0,0,0,0,0,0,0,0,0,0
11,1,1.099,0.0004994,4,0.04444,3.186e-07,3,0,2,0,0.4884,91
12,0,0,0,0,0,0,0,0,0,0,0.4296,97
13,2,0.4673,0.0004043,3.75,0.03538,0.4587,2.5,0,1.5,0,0.3879,107
14,0,0,0,0,0,0,0,0,0,0
15,2,0.4673,0.0004043,3.75,0.03538,0.4587,2.5,0,1.5,0,0.3879,107
16,3,0.3086,0.0002351,2.667,0.02492,3.3e-05,2.333,0,1.333,0,0.2942,108
17,0,0,0,0,0,0,0,0,0,0
18,3,0.3086,0.0002351,2.667,0.02492,3.3e-05,2.333,0,1.333,0,0.2942,108
19,2,0.431,0.0002288,3,0.02609,0.0001416,2.5,0,1.5,0,0.2849,116
20,0,0,0,0,0,0,0,0,0,0
21,2,0.431,0.0002288,3,0.02609,0.0001416,2.5,0,1.5,0,0.2849,116
22,1,0.8475,0.0002947,4,0.03419,1.414,3,0,2,0,0.2463,118
23,0,0,0,0,0,0,0,0,0,0
24,1,0.8475,0.0002947,4,0.03419,1.414,3,0,2,0,0.2463,118
25,0,0,0,0,0,0,0,0,0,0,0.1931,112
26,0,0,0,0,0,0,0,0,0,0,0.237,113
27,1,0.9615,0.0003807,4,0.03883,1.414,3,0,2,0,0.2427,104
28,0,0,0,0,0,0,0,0,0,0
29,1,0.9615,0.0003807,4,0.03883,1.414,3,0,2,0,0.2427,104
30,4,0.2252,0.0005734,2.5,0.02624,0.0002369,2.25,0,1.25,0,0.3276,111
31,0,0,0,0,0,0,0,0,0,0
32,4,0.2252,0.0005734,2.5,0.02624,0.0002369,2.25,0,1.25,0,0.3276,111
33,1,0.8547,0.0002999,4,0.03448,4.384e-09,7,2718,2,0,0.3537,117
34,0,0,0,0,0,0,0,0,0,0
35,1,0.8547,0.0002999,4,0.03448,4.384e-09,7,2718,2,0,0.3537,117
36,0,0,0,0,0,0,0,0,0,0,0.2204,121
37,2,0.4202,0.0002173,3,0.02542,0.0001244,2.5,0,1.5,0,0.3133,119
38,0,0,0,0,0,0,0,0,0,0
39,2,0.4202,0.0002173,3,0.02542,0.0001244,2.5,0,1.5,0,0.3133,119
40,3,0.2755,0.0003735,3.111,0.02778,0.272,2.333,0,1.333,0,0.2066,121
41,0,0,0,0,0,0,0,0,0,0
42,3,0.2755,0.0003735,3.111,0.02778,0.272,2.333,0,1.333,0,0.2066,121
43,1,0.9009,0.0003336,4,0.03636,0.0003623,3,0,2,0,0.2457,111
44,0,0,0,0,0,0,0,0,0,0
45,1,0.9009,0.0003336,4,0.03636,0.0003623,3,0,2,0,0.2457,111
46,1,0.8403,0.0002897,4,0.0339,0.0003623,3,0,2,0,0.1994,119
47,0,0,0,0,0,0,0,0,0,0
48,1,0.8403,0.0002897,4,0.0339,0.0003623,3,0,2,0,0.1994,119
49,0,0,0,0,0,0,0,0,0,0,0.4126,117
50,3,0.271,0.001024,3.111,0.03541,0.1571,2.333,0,1.333,0,0.3732,123
51,0,0,0,0,0,0,0,0,0,0
52,3,0.271,0.001024,3.111,0.03541,0.1571,2.333,0,1.333,0,0.3732,123
53,2,0.4132,0.0004202,4.5,0.0375,0.6487,2.5,0,1.5,0,0.303,121
54,0,0,0,0,0,0,0,0,0,0
55,2,0.4132,0.0004202,4.5,0.0375,0.6487,2.5,0,1.5,0,0.303,121
56,5,0.1724,0.0002563,2.4,0.02191,0.0001137,2.88,91.29,1.2,0,0.3598,116
57,1,0.8621,0.0003051,2,0.01957,0.0002329,2,0,1,0
58,5,0.1724,0.0002563,2.4,0.02191,0.0001137,2.88,91.29,1.2,0,0.3598,116
59,3,0.2849,0.0005997,3.556,0.03397,0.4217,2.333,0,1.333,0,0.3684,117
60,0,0,0,0,0,0,0,0,0,0
61,3,0.2849,0.0005997,3.556,0.03397,0.4217,2.333,0,1.333,0,0.3684,117
62,3,0.3003,0.0003707,3.556,0.03232,0.2327,2.333,0,1.333,0,0.344,111
63,0,0,0,0,0,0,0,0,0,0
64,3,0.3003,0.0003707,3.556,0.03232,0.2327,2.333,0,1.333,0,0.344,111
65,2,0.4386,0.0004741,4.5,0.03982,0.3927,2.5,0,1.5,0,0.4192,114
66,0,0,0,0,0,0,0,0,0,0
67,2,0.4386,0.0004741,4.5,0.03982,0.3927,2.5,0,1.5,0,0.4192,114
68,1,0.8475,0.0002947,4,0.03419,0.0003623,3,0,2,0,0.2463,118
69,0,0,0,0,0,0,0,0,0,0
70,1,0.8475,0.0002947,4,0.03419,0.0003623,3,0,2,0,0.2463,118
71,1,0.813,0.0005419,6,0.04918,4.591e-05,3,0,2,0,0.4665,123
72,0,0,0,0,0,0,0,0,0,0
73,1,0.813,0.0005419,6,0.04918,4.591e-05,3,0,2,0,0.4665,123
74,2,0.3906,0.0001875,3,0.02362,0.75,2.5,0,1.5,0,0.2584,128
75,0,0,0,0,0,0,0,0,0,0
76,2,0.3906,0.0001875,3,0.02362,0.75,2.5,0,1.5,0,0.2584,128
77,1,0.8,0.0002623,4,0.03226,0.0004014,3,0,2,0,0.2452,125
78,0,0,0,0,0,0,0,0,0,0
79,1,0.8,0.0002623,4,0.03226,0.0004014,3,0,2,0,0.2452,125
80,0,0,0,0,0,0,0,0,0,0,0.2421,119
81,1,0.813,0.0005419,6,0.04918,1.223,7,3318,2,0,0.2132,123
82,0,0,0,0,0,0,0,0,0,0
83,1,0.813,0.0005419,6,0.04918,1.223,7,3318,2,0,0.2132,123
84,1,0.7692,0.0002422,4,0.03101,0.0004014,3,0,2,0,0.2624,130
85,0,0,0,0,0,0,0,0,0,0
86,1,0.7692,0.0002422,4,0.03101,0.0004014,3,0,2,0,0.2624,130
87,1,0.8475,0.0002947,4,0.03419,1.414,3,0,2,0,0.1304,118
88,0,0,0,0,0,0,0,0,0,0
89,1,0.8475,0.0002947,4,0.03419,1.414,3,0,2,0,0.1304,118
90,3,0.2924,0.0002107,2.667,0.0236,7.163e-05,2.333,0,1.333,0,0.3105,114
91,0,0,0,0,0,0,0,0,0,0
92,3,0.2924,0.0002107,2.667,0.0236,7.163e-05,2.333,0,1.333,0,0.3105,114
93,1,0.9174,0.0003461,4,0.03704,0.000323,3,0,2,0,0.3398,109
94,0,0,0,0,0,0,0,0,0,0
95,1,0.9174,0.0003461,4,0.03704,0.000323,3,0,2,0,0.3398,109
96,0,0,0,0,0,0,0,0,0,0,0.2981,122
97,2,0.3906,0.0001875,3,0.02362,0.0001416,2.5,0,1.5,0,0.2092,128
98,0,0,0,0,0,0,0,0,0,0
99,2,0.3906,0.0001875,3,0.02362,0.0001416,2.5,0,1.5,0,0.2092,128
100,2,0.3846,0.0001817,3,0.02326,0.0001546,2.5,0,1.5,0,0.2982,130
101,0,0,0,0,0,0,0,0,0,0
102,2,0.3846,0.0001817,3,0.02326,0.0001546,2.5,0,1.5,0,0.2982,130
103,5,0.1493,0.0002461,2.88,0.02238,7.589e-05,2.2,0,1.2,0,0.3703,134
104,0,0,0,0,0,0,0,0,0,0
105,5,0.1493,0.0002461,2.88,0.02238,7.589e-05,2.2,0,1.2,0,0.3703,134
106,2,0.3731,0.0004272,4.5,0.03477,0.3464,4,430.4,1.5,0,0.4938,134
107,0,0,0,0,0,0,0,0,0,0
108,2,0.3731,0.0004272,4.5,0.03477,0.3464,4,430.4,1.5,0,0.4938,134
109,1,0.7692,0.0002422,4,0.03101,1.161e-07,3,0,2,0,0.3459,130
110,0,0,0,0,0,0,0,0,0,0
111,1,0.7692,0.0002422,4,0.03101,1.161e-07,3,0,2,0,0.3459,130
112,2,0.3846,0.0001817,3,0.02326,0.0001546,2.5,0,1.5,0,0.2743,130
113,0,0,0,0,0,0,0,0,0,0
114,2,0.3846,0.0001817,3,0.02326,0.0001546,2.5,0,1.5,0,0.2743,130
115,3,0.2646,0.0002867,3.556,0.02844,0.3844,3.222,71.86,1.333,0,0.381,126
116,0,0,0,0,0,0,0,0,0,0
117,3,0.2646,0.0002867,3.556,0.02844,0.3844,3.222,71.86,1.333,0,0.381,126
118,1,0.7463,0.0004557,6,0.04511,1.223,3,0,2,0,0.2806,134
119,0,0,0,0,0,0,0,0,0,0
120,1,0.7463,0.0004557,6,0.04511,1.223,3,0,2,0,0.2806,134
121,0,0,0,0,0,0,0,0,0,0,0.2845,122
122,2,0.4202,0.0003259,3.75,0.03178,8.785e-05,2.5,0,1.5,0,0.3276,119
123,0,0,0,0,0,0,0,0,0,0
124,2,0.4202,0.0003259,3.75,0.03178,8.785e-05,2.5,0,1.5,0,0.3276,119
125,1,0.8621,0.0004577,6,0.05217,3.426e-79,6,0,3,0,0.4798,116
126,1,0.8621,0.0004577,6,0.05217,3.426e-79,6,0,3,0,0.4798,116
127,1,0.8621,0.0004577,6,0.05217,3.426e-79,6,0,3,0,0.4798,116
128,1,0.885,0.0003218,4,0.03571,0.0003184,3,0,2,0,0.3003,113
129,0,0,0,0,0,0,0,0,0,0
130,1,0.885,0.0003218,4,0.03571,0.0003184,3,0,2,0,0.3003,113
131,1,0.8547,0.0002999,4,0.03448,2.076e-08,3,0,2,0,0.3242,117
132,0,0,0,0,0,0,0,0,0,0
133,1,0.8547,0.0002999,4,0.03448,2.076e-08,3,0,2,0,0.3242,117
134,1,0.8696,0.0003105,4,0.03509,0.0003184,3,0,2,0,0.2899,115
135,0,0,0,0,0,0,0,0,0,0
136,1,0.8696,0.0003105,4,0.03509,0.0003184,3,0,2,0,0.2899,115
137,3,0.3058,0.0002308,2.667,0.02469,0.5443,2.333,0,1.333,0,0.2888,109
138,0,0,0,0,0,0,0,0,0,0
139,3,0.3058,0.0002308,2.667,0.02469,0.5443,2.333,0,1.333,0,0.2888,109
140,1,0.9009,0.0003336,4,0.03636,1.414,3,0,2,0,0.2293,111
141,0,0,0,0,0,0,0,0,0,0
142,1,0.9009,0.0003336,4,0.03636,1.414,3,0,2,0,0.2293,111
143,2,0.4386,0.0004741,3,0.02987,0.0003494,2.5,0,1.5,0,0.2639,114
144,0,0,0,0,0,0,0,0,0,0
145,2,0.4386,0.0004741,3,0.02987,0.0003494,2.5,0,1.5,0,0.2639,114
146,1,0.885,0.0003218,4,0.03571,0.0003623,3,0,2,0,0.2845,113
147,0,0,0,0,0,0,0,0,0,0
148,1,0.885,0.0003218,4,0.03571,0.0003623,3,0,2,0,0.2845,113
149,3,0.2646,0.0002294,3.111,0.02489,0.2718,2.333,0,1.333,0,0.3683,126
150,0,0,0,0,0,0,0,0,0,0
151,3,0.2646,0.0002294,3.111,0.02489,0.2718,2.333,0,1.333,0,0.3683,126
152,5,0.16,0.0003777,2.4,0.02175,0.3787,2.2,0,1.2,0,0.3097,125
153,0,0,0,0,0,0,0,0,0,0
154,5,0.16,0.0003777,2.4,0.02175,0.3787,2.2,0,1.2,0,0.3097,125
155,1,0.8621,0.0006102,6,0.05217,1.223,3,0,2,0,0.2849,116
156,0,0,0,0,0,0,0,0,0,0
157,1,0.8621,0.0006102,6,0.05217,1.223,3,0,2,0,0.2849,116
