tempo,quantidadePAs,betweenness,degree,closeness,eigenvector,lifespan,mobility,fragmentationImpact,kConnectivity,density,number_of_cars
0,0,0.0000,0.0000,0.0000,0.0000,0.0000,0.0000,0.0000,0.0000
1,0,0.0000,0.0000,0.0000,0.0000,0.0000,0.0000,0.0000,0.0000
2,0,0.0000,0.0000,0.0000,0.0000,0.0000,0.0000,0.0000,0.0000
3,0,0.0000,0.0000,0.0000,0.0000,0.0000,0.0000,0.0000,0.0000
4,0,0.0000,0.0000,0.0000,0.0000,0.0000,0.0000,0.0000,0.0000
5,0,0.0000,0.0000,0.0000,0.0000,0.0000,0.0000,0.0000,0.0000
6,0,0.0000,0.0000,0.0000,0.0000,0.0000,0.0000,0.0000,0.0000
7,0,0.0000,0.0000,0.0000,0.0000,0.0000,0.0000,0.0000,0.0000
8,0,0.0000,0.0000,0.0000,0.0000,0.0000,0.0000,0.0000,0.0000
9,0,0.0000,0.0000,0.0000,0.0000,0.0000,0.0000,0.0000,0.0000
10,0,0.0000,0.0000,0.0000,0.0000,0.0000,0.0000,0.0000,0.0000
11,0,0.0000,0.0000,0.0000,0.0000,0.0000,0.0000,0.0000,0.0000
12,0,0.0000,0.0000,0.0000,0.0000,0.0000,0.0000,0.0000,0.0000
13,0,0.0000,0.0000,0.0000,0.0000,0.0000,0.0000,0.0000,0.0000
14,0,0.0000,0.0000,0.0000,0.0000,0.0000,0.0000,0.0000,0.0000
15,0,0.0000,0.0000,0.0000,0.0000,0.0000,0.0000,0.0000,0.0000
16,0,0.0000,0.0000,0.0000,0.0000,0.0000,0.0000,0.0000,0.0000
17,0,0.0000,0.0000,0.0000,0.0000,0.0000,0.0000,0.0000,0.0000
18,0,0.0000,0.0000,0.0000,0.0000,0.0000,0.0000,0.0000,0.0000
19,0,0.0000,0.0000,0.0000,0.0000,0.0000,0.0000,0.0000,0.0000
20,1,0.0048,2.0000,0.0952,0.7071,1.0000,0.0000,20.0000,1.0000,0.0130,22.0000
21,1,0.0043,2.0000,0.0909,0.7071,2.0000,1.9875,21.0000,1.0000,0.0119,23.0000
22,1,0.0040,2.0000,0.0870,0.7071,3.0000,3.4811,21.0000,1.0000,0.0145,24.0000
23,1,0.0033,2.0000,0.0800,0.7071,4.0000,5.4909,23.0000,1.0000,0.0123,26.0000
24,1,0.0031,2.0000,0.0769,0.7071,5.0000,6.9739,24.0000,1.0000,0.0114,27.0000
25,1,0.0031,2.0000,0.0769,0.7071,6.0000,8.3745,24.0000,1.0000,0.0114,27.0000
26,2,0.0028,2.0000,0.0741,0.5000,4.0000,4.0971,25.0000,1.0000,0.0053,14.0000
27,1,0.0028,2.0000,0.0741,0.7071,2.0000,10.0901,26.0000,1.0000,0.0079,28.0000
28,1,0.0026,2.0000,0.0714,0.7071,3.0000,11.8455,27.0000,1.0000,0.0074,29.0000
29,0,0.0000,0.0000,0.0000,0.0000,0.0000,0.0000,0.0000,0.0000
30,1,0.0025,2.0000,0.0690,0.0000,1.0000,0.0000,26.0000,1.0000,0.0138,30.0000
31,1,0.0023,2.0000,0.0667,0.0000,2.0000,12.6180,25.0000,1.0000,0.0172,31.0000
32,1,0.0023,2.0000,0.0667,0.0000,3.0000,12.8710,25.0000,1.0000,0.0172,31.0000
33,1,0.0022,2.0000,0.0645,0.0000,4.0000,12.8228,27.0000,1.0000,0.0141,32.0000
34,1,0.0018,2.0000,0.0588,0.0000,5.0000,12.5555,28.0000,1.0000,0.0185,35.0000
35,1,0.0017,2.0000,0.0571,0.0000,6.0000,9.8743,29.0000,1.0000,0.0175,36.0000
36,0,0.0000,0.0000,0.0000,0.0000,0.0000,0.0000,0.0000,0.0000
37,0,0.0000,0.0000,0.0000,0.0000,0.0000,0.0000,0.0000,0.0000
38,0,0.0000,0.0000,0.0000,0.0000,0.0000,0.0000,0.0000,0.0000
39,0,0.0000,0.0000,0.0000,0.0000,0.0000,0.0000,0.0000,0.0000
40,2,0.0013,2.0000,0.0513,0.5000,1.0000,0.0000,32.0000,1.0000,0.0058,20.0000
41,2,0.0012,2.0000,0.0476,0.5000,2.0000,13.0499,33.0000,1.0000,0.0061,21.5000
42,3,0.0018,2.0000,0.0492,0.4011,4.3333,27.1847,32.0000,1.0000,0.0047,15.0000
43,2,0.0020,2.0000,0.0500,0.6015,6.0000,10.2865,35.0000,1.0000,0.0058,23.0000
44,4,0.0019,2.0000,0.0489,0.4253,4.0000,4.3557,35.0000,1.0000,0.0030,11.7500
45,4,0.0014,2.0000,0.0452,0.3008,4.7500,9.9764,38.0000,1.0000,0.0024,12.0000
46,5,0.0013,2.0000,0.0447,0.2406,4.8000,10.2347,36.0000,1.0000,0.0023,9.6000
47,4,0.0014,2.0000,0.0452,0.3008,6.2500,13.3604,39.0000,1.0000,0.0022,12.0000
48,4,0.0013,2.0000,0.0434,0.3008,5.2500,9.3116,40.0000,1.0000,0.0022,12.5000
49,2,0.0008,2.0000,0.0400,0.5000,7.5000,2.3551,41.0000,1.0000,0.0043,25.5000
50,2,0.0008,2.0000,0.0392,0.5000,8.0000,3.3870,42.0000,1.0000,0.0041,26.0000
51,1,0.0008,2.0000,0.0392,0.7071,2.0000,11.8838,43.0000,1.0000,0.0075,52.0000
52,2,0.0008,2.0000,0.0392,0.5000,3.5000,43.2359,44.0000,1.0000,0.0034,26.0000
53,3,0.0023,2.3333,0.0504,0.3845,3.3333,10.0287,41.3333,1.0000,0.0031,17.6667
54,2,0.0014,2.5000,0.0481,0.2374,3.5000,11.4910,42.0000,1.0000,0.0057,27.5000
55,1,0.0014,3.0000,0.0556,0.6116,1.0000,0.0000,43.0000,1.0000,0.0101,55.0000
56,3,0.0009,2.3333,0.0432,0.2039,1.3333,3.0720,39.0000,1.0000,0.0043,18.3333
57,5,0.0032,2.6000,0.0589,0.3679,3.0000,26.0937,40.0000,1.2000,0.0026,11.2000
58,7,0.0030,2.1429,0.0465,0.0000,3.5714,21.8251,39.1429,1.1429,0.0018,8.1429
59,4,0.0015,2.2500,0.0440,0.2365,4.2500,13.4969,41.0000,1.2500,0.0031,14.2500
60,2,0.0021,3.0000,0.0532,0.2667,3.5000,7.2041,41.0000,1.5000,0.0073,29.5000
61,5,0.0051,3.0000,0.0650,0.2956,5.2000,31.4937,39.0000,1.4000,0.0032,12.0000
62,5,0.0085,3.0000,0.0680,0.2530,4.6000,13.1873,39.2000,1.6000,0.0032,12.0000
63,5,0.0033,2.6000,0.0489,0.2055,5.0000,11.6509,40.0000,1.4000,0.0031,12.0000
64,7,0.0042,2.4286,0.0485,0.1866,4.8571,15.4666,37.0000,1.5714,0.0023,8.4286
65,5,0.0019,2.2000,0.0441,0.0884,4.8000,43.6596,38.0000,1.2000,0.0032,12.0000
66,4,0.0022,2.5000,0.0499,0.1342,6.2500,11.1892,40.0000,1.2500,0.0038,15.0000
67,3,0.0014,2.3333,0.0452,0.0772,7.0000,9.8219,41.0000,1.0000,0.0053,20.0000
68,3,0.0006,2.0000,0.0339,0.0000,5.3333,2.7433,42.0000,1.0000,0.0049,20.0000
69,2,0.0005,2.0000,0.0328,0.0000,8.5000,10.9386,38.0000,1.0000,0.0095,31.0000
70,2,0.0017,3.5000,0.0595,0.1881,2.0000,5.8750,36.0000,1.0000,0.0104,30.5000
71,2,0.0006,2.0000,0.0339,0.0000,10.0000,132.3327,34.0000,1.0000,0.0110,30.0000
72,3,0.0022,3.3333,0.0596,0.0930,3.0000,28.5251,35.3333,1.0000,0.0069,20.6667
73,2,0.0010,3.0000,0.0476,0.0000,4.0000,9.0532,37.0000,1.0000,0.0109,32.0000
74,5,0.0028,3.2000,0.0609,0.0628,5.4000,33.4784,38.0000,1.2000,0.0046,13.0000
75,5,0.0046,3.2000,0.0635,0.0631,6.4000,27.7448,37.2000,1.2000,0.0049,13.0000
76,5,0.0039,2.8000,0.0597,0.0498,8.6000,74.6642,37.0000,1.2000,0.0049,13.0000
77,3,0.0008,2.0000,0.0339,0.0000,12.3333,14.1537,37.0000,1.0000,0.0088,21.6667
78,7,0.0126,3.0000,0.0684,0.0568,7.7143,28.7087,34.0000,1.5714,0.0039,9.4286
79,6,0.0057,2.5000,0.0499,0.0060,7.1667,8.2092,33.0000,1.3333,0.0051,11.1667
80,7,0.0070,2.5714,0.0624,0.0151,7.4286,22.5187,33.0000,1.2857,0.0046,9.5714
81,6,0.0040,2.1667,0.0495,0.0052,4.8333,11.0244,35.0000,1.1667,0.0059,11.3333
82,6,0.0038,2.1667,0.0492,0.0047,6.8333,136.1511,36.0000,1.1667,0.0057,11.6667
83,5,0.0058,3.6000,0.0740,0.0625,7.0000,9.2387,39.0000,1.2000,0.0065,14.4000
84,4,0.0051,2.2500,0.0557,0.0079,9.5000,11.2257,38.0000,1.2500,0.0083,18.5000
85,3,0.0109,3.0000,0.0820,0.0248,11.6667,12.8155,38.0000,2.0000,0.0115,25.0000
86,7,0.0165,2.7143,0.0745,0.0140,9.5714,57.7406,36.0000,1.7143,0.0052,10.8571
87,5,0.0168,2.8000,0.0689,0.0018,12.0000,12.5677,38.0000,1.8000,0.0074,15.4000
88,4,0.0093,3.5000,0.0653,0.0039,10.5000,11.4448,39.0000,1.5000,0.0091,20.0000
89,9,0.0110,3.8889,0.0601,0.0302,6.6667,98.6261,37.0000,1.7778,0.0039,9.1111
90,5,0.0037,4.0000,0.0511,0.0503,4.0000,13.8584,39.0000,1.6000,0.0071,16.6000
91,9,0.0037,3.4444,0.0616,0.0392,3.5556,112.9877,40.0000,1.2222,0.0039,9.3333
92,9,0.0033,2.8889,0.0579,0.0109,5.0000,22.7889,37.0000,1.5556,0.0040,9.3333
93,11,0.0029,3.4545,0.0586,0.0301,5.7273,31.1900,37.0000,1.4545,0.0033,7.6364
94,8,0.0020,3.8750,0.0582,0.0420,6.5000,28.9900,39.0000,1.2500,0.0044,10.5000
95,6,0.0016,2.8333,0.0471,0.0086,5.6667,30.7736,41.0000,1.1667,0.0060,14.3333
96,3,0.0022,4.0000,0.0662,0.0229,7.6667,12.8773,42.0000,1.0000,0.0124,29.0000
97,2,0.0034,5.0000,0.0857,0.0278,10.0000,6.7822,45.0000,1.5000,0.0180,44.5000
98,3,0.0022,3.3333,0.0592,0.0187,8.6667,49.6118,47.0000,1.3333,0.0113,30.3333
99,6,0.0016,3.5000,0.0485,0.0170,10.0000,126.8732,46.0000,1.5000,0.0057,15.5000
100,6,0.0018,4.0000,0.0517,0.0280,9.8333,22.0836,45.0000,1.5000,0.0060,15.5000
101,11,0.0137,4.2727,0.0805,0.0448,6.8182,43.2642,41.0000,1.5455,0.0033,8.4545
102,10,0.0106,4.8000,0.0711,0.0503,7.3000,10.3581,44.0000,1.7000,0.0035,9.3000
103,6,0.0007,2.1667,0.0269,0.0000,2.5000,9.3375,47.0000,1.1667,0.0056,16.0000
104,6,0.0022,2.5000,0.0338,0.0000,4.5000,43.7891,45.0000,1.6667,0.0054,15.8333
105,6,0.0017,2.8333,0.0376,0.0000,4.6667,116.7959,44.0000,1.6667,0.0054,15.6667
106,5,0.0006,2.4000,0.0295,0.0000,5.2000,17.9067,44.0000,1.2000,0.0066,19.0000
107,8,0.0019,3.7500,0.0485,0.0308,4.2500,85.8377,41.1250,1.1250,0.0043,11.8750
108,8,0.0015,3.0000,0.0395,0.0000,3.7500,17.3592,42.1250,1.1250,0.0047,11.8750
109,7,0.0018,3.5714,0.0490,0.0066,6.2857,53.5052,44.0000,1.1429,0.0055,13.5714
110,8,0.0021,3.1250,0.0444,0.0054,6.2500,20.7479,42.1250,1.1250,0.0048,12.1250
111,7,0.0031,3.0000,0.0507,0.0042,6.1429,170.4596,40.1429,1.0000,0.0057,13.8571
112,6,0.0014,2.8333,0.0431,0.0043,6.8333,20.1366,41.0000,1.1667,0.0065,16.0000
113,5,0.0005,2.4000,0.0286,0.0000,4.0000,5.9996,43.0000,1.0000,0.0079,19.2000
114,11,0.0044,3.0909,0.0502,0.0101,5.4545,53.3008,40.0000,1.4545,0.0035,8.7273
115,9,0.0027,3.1111,0.0437,0.0025,5.5556,14.3419,44.0000,1.5556,0.0039,10.8889
116,9,0.0146,3.0000,0.0566,0.0049,6.1111,19.2697,44.0000,1.8889,0.0036,11.0000
117,10,0.0134,3.1000,0.0515,0.0038,5.2000,8.7789,43.0000,1.7000,0.0032,10.0000
118,8,0.0082,3.1250,0.0461,0.0096,5.3750,48.0781,44.0000,1.6250,0.0038,12.7500
119,11,0.0155,3.0000,0.0623,0.0027,5.5455,107.8209,41.0000,1.8182,0.0028,9.1818
120,7,0.0161,3.5714,0.0701,0.0029,5.4286,10.2013,42.0000,1.8571,0.0045,14.2857
121,10,0.0086,2.9000,0.0506,0.0097,5.7000,44.4487,42.0000,1.9000,0.0029,10.0000
122,8,0.0009,3.0000,0.0336,0.0000,4.8750,34.9654,40.0000,1.6250,0.0038,12.5000
123,7,0.0009,3.0000,0.0342,0.0000,5.2857,78.3170,40.0000,1.4286,0.0045,14.4286
124,10,0.0017,2.7000,0.0322,0.0000,7.2000,78.1322,40.0000,1.6000,0.0031,10.3000
125,8,0.0033,3.8750,0.0489,0.0285,8.3750,17.7110,41.1250,1.6250,0.0038,13.0000
126,18,0.0159,3.7222,0.0593,0.0269,6.9444,85.6271,37.0000,1.7778,0.0017,5.7222
127,16,0.0187,3.6250,0.0709,0.0294,7.5625,39.2907,38.0000,1.8750,0.0020,6.3750
128,17,0.0153,3.4118,0.0651,0.0238,6.4706,13.3033,37.0000,1.8235,0.0019,6.0000
129,15,0.0140,2.8000,0.0635,0.0116,5.5333,17.8675,35.0000,1.6667,0.0023,6.7333
130,12,0.0181,3.0833,0.0576,0.0099,5.3333,23.4862,36.0000,2.1667,0.0031,8.4167
131,15,0.0162,3.1333,0.0542,0.0079,5.4000,45.5743,36.0000,2.2000,0.0027,6.8000
132,14,0.0154,2.8571,0.0542,0.0062,5.5714,18.2601,36.0714,2.0000,0.0029,7.3571
133,9,0.0025,3.4444,0.0485,0.0016,7.1111,23.8380,38.0000,1.6667,0.0047,11.3333
134,10,0.0173,3.9000,0.0687,0.0169,6.6000,34.9976,37.1000,2.4000,0.0045,10.3000
135,12,0.0077,3.0833,0.0502,0.0095,6.6667,103.9826,34.0833,2.1667,0.0040,8.5000
136,18,0.0104,3.8889,0.0739,0.0240,9.9444,60.3002,34.0556,2.1667,0.0027,5.7778
137,21,0.0099,3.3810,0.0612,0.0109,9.2381,30.0362,31.0476,2.0952,0.0023,4.9524
138,15,0.0129,3.8667,0.0713,0.0099,9.9333,39.3184,32.1333,2.0000,0.0033,7.0000
139,11,0.0145,4.0000,0.0687,0.0121,11.1818,11.3239,33.1818,2.0909,0.0043,9.6364
140,12,0.0041,3.0000,0.0462,0.0103,13.5000,83.2346,34.0833,1.5000,0.0038,8.9167
141,10,0.0055,3.3000,0.0612,0.0113,14.1000,27.5228,35.0000,1.5000,0.0048,10.7000
142,5,0.0006,2.4000,0.0261,0.0000,12.4000,11.6693,38.0000,1.2000,0.0097,21.4000
143,10,0.0037,2.6000,0.0487,0.0003,9.8000,46.7350,35.1000,1.1000,0.0049,10.7000
144,10,0.0034,3.0000,0.0521,0.0028,10.4000,49.4090,39.0000,1.1000,0.0047,10.7000
145,11,0.0046,2.6364,0.0438,0.0005,11.0909,30.2612,41.0000,1.5455,0.0042,9.8182
146,13,0.0065,2.6154,0.0642,0.0022,13.8462,14.3421,39.0769,1.5385,0.0036,8.3077
147,7,0.0026,3.0000,0.0436,0.0019,13.2857,29.8359,40.0000,1.2857,0.0071,15.2857
148,10,0.0057,2.9000,0.0524,0.0006,11.4000,18.0276,38.1000,1.3000,0.0052,10.7000
149,12,0.0076,3.5000,0.0691,0.0081,10.7500,18.0909,36.0000,1.3333,0.0046,8.8333
150,11,0.0023,3.1818,0.0459,0.0034,8.3636,51.4831,35.0000,1.0909,0.0051,9.6364
151,8,0.0030,3.6250,0.0570,0.0032,10.1250,61.7105,37.0000,1.2500,0.0072,13.3750
152,6,0.0116,3.6667,0.0771,0.0008,15.5000,70.4786,38.0000,1.3333,0.0099,17.6667
153,10,0.0113,3.0000,0.0665,0.0036,14.2000,82.3326,35.0000,1.4000,0.0062,10.7000
154,6,0.0211,3.6667,0.0995,0.0084,21.0000,62.0732,38.0000,1.8333,0.0105,17.6667
155,7,0.0139,3.7143,0.0774,0.0097,22.8571,22.6944,35.0000,1.7143,0.0091,15.1429
156,6,0.0217,4.1667,0.1182,0.0140,22.8333,32.4368,36.0000,1.8333,0.0105,17.6667
157,7,0.0184,4.4286,0.1104,0.0148,20.8571,21.4749,36.0000,1.8571,0.0088,15.2857
158,6,0.0193,4.3333,0.1009,0.0116,24.3333,10.4265,37.0000,2.0000,0.0096,18.1667
159,11,0.0158,3.9091,0.0903,0.0108,16.7273,53.7627,35.0000,1.8182,0.0052,9.9091
160,11,0.0160,3.4545,0.0955,0.0046,18.0000,81.4787,36.0909,1.4545,0.0051,10.0000
161,10,0.0140,3.9000,0.0956,0.0040,19.0000,50.4486,38.0000,1.5000,0.0056,10.9000
162,16,0.0139,4.0000,0.0836,0.0150,17.1875,71.6896,37.0625,1.7500,0.0034,6.9375
163,16,0.0204,3.5000,0.0829,0.0088,13.1875,48.9688,38.0625,2.0625,0.0034,7.0000
164,12,0.0139,2.9167,0.0672,0.0033,11.1667,47.3573,39.0833,1.8333,0.0047,9.2500
165,9,0.0041,3.0000,0.0402,0.0016,8.3333,100.0044,40.1111,1.4444,0.0063,12.4444
166,10,0.0096,4.5000,0.0795,0.0150,10.8000,50.0069,39.0000,1.5000,0.0056,11.5000
167,8,0.0088,3.8750,0.0732,0.0155,8.5000,36.5436,39.0000,1.7500,0.0070,14.5000
168,5,0.0022,3.2000,0.0502,0.0034,11.6000,18.7371,41.0000,1.6000,0.0112,23.2000
169,7,0.0113,3.5714,0.0596,0.0052,15.2857,30.7712,40.0000,2.7143,0.0080,16.5714
170,9,0.0076,3.5556,0.0532,0.0031,16.1111,54.9971,39.0000,2.1111,0.0063,12.8889
171,14,0.0093,3.0000,0.0496,0.0011,12.7857,36.3172,34.0714,1.5714,0.0040,8.2857
172,13,0.0114,2.9231,0.0575,0.0018,12.8462,24.5700,37.0000,1.7692,0.0042,9.0000
173,13,0.0128,3.1538,0.0590,0.0017,13.4615,93.6656,36.0000,2.0000,0.0044,8.9231
174,7,0.0090,3.0000,0.0607,0.0003,14.2857,31.7913,37.0000,1.8571,0.0083,16.4286
175,8,0.0062,2.7500,0.0505,0.0003,14.8750,28.1860,38.1250,1.8750,0.0073,14.3750
176,15,0.0069,2.9333,0.0618,0.0067,14.2667,25.3614,35.0667,1.6667,0.0040,7.6000
177,14,0.0092,2.7143,0.0652,0.0017,16.0000,19.3569,35.0714,1.7857,0.0042,8.1429
178,15,0.0131,3.7333,0.0820,0.0091,16.6667,39.0210,32.0667,2.0667,0.0039,7.6667
179,11,0.0043,3.4545,0.0533,0.0090,17.2727,22.5041,33.1818,1.5455,0.0052,10.5455
180,14,0.0059,3.9286,0.0614,0.0123,13.5000,55.7210,33.0714,1.6429,0.0041,8.2857
181,11,0.0053,2.9091,0.0499,0.0017,9.8182,43.6901,34.0909,1.3636,0.0051,10.7273
182,11,0.0065,3.4545,0.0590,0.0074,9.7273,45.9067,37.0000,1.3636,0.0052,10.8182
183,9,0.0044,4.3333,0.0496,0.0128,12.2222,73.0706,41.0000,1.5556,0.0063,13.3333
184,10,0.0072,4.6000,0.0582,0.0144,10.1000,13.5762,40.0000,1.9000,0.0056,12.2000
185,9,0.0004,2.7778,0.0239,0.0000,9.1111,56.6891,46.0000,1.1111,0.0065,13.5556
186,9,0.0003,2.4444,0.0209,0.0000,13.1111,19.3974,43.0000,1.0000,0.0067,13.6667
187,10,0.0060,2.8000,0.0475,0.0022,9.9000,67.6297,42.0000,1.5000,0.0064,12.5000
188,7,0.0010,2.7143,0.0364,0.0024,8.4286,101.3757,46.1429,1.0000,0.0090,18.0000
189,11,0.0105,3.6364,0.0544,0.0097,10.2727,121.9950,41.1818,1.3636,0.0057,11.3636
190,11,0.0096,3.4545,0.0702,0.0017,8.7273,63.3433,41.0000,1.3636,0.0056,11.3636
191,9,0.0079,2.5556,0.0446,0.0018,9.4444,21.7618,42.0000,1.6667,0.0068,13.8889
192,11,0.0118,3.5455,0.0657,0.0095,9.9091,49.1647,41.0000,1.7273,0.0051,11.2727
193,6,0.0131,5.3333,0.0792,0.0133,9.6667,106.6778,42.0000,1.8333,0.0091,20.8333
194,9,0.0211,4.7778,0.1013,0.0082,10.4444,92.8053,40.0000,2.0000,0.0061,13.8889
195,12,0.0126,3.1667,0.0553,0.0016,12.2500,72.1488,42.0833,1.4167,0.0043,10.5833
196,14,0.0115,2.9286,0.0595,0.0016,8.0000,85.2635,40.0714,1.6429,0.0037,9.0714
197,11,0.0119,2.7273,0.0660,0.0006,7.4545,15.9220,39.0909,1.5455,0.0049,11.4545
198,13,0.0092,2.6923,0.0587,0.0005,6.7692,35.9560,36.0000,1.4615,0.0042,9.6923
199,15,0.0100,3.0000,0.0575,0.0047,11.4000,56.0837,35.0000,1.5333,0.0036,8.3333
